match_percent,attainability,job_title,company,platform,remote_scope,seniority_fit,salary,key_stack_match,apply_url,recruiter_email,why_it_fits_and_notes
97,Strong,Vetted Full Stack Developer (Next.js/Node/React),Proxify,Talent Network,Worldwide (incl. Pakistan),Mid to Senior,"$2k-$4k+/mo typical",Next.js/React/Node/NestJS/TypeScript,https://proxify.io/apply,,"One vetting interview then they match you to long-term remote roles. Best single bet for your level + location. Apply once."
96,Strong,React / Node Developer (talent pool),Lemon.io,Talent Network,Worldwide (incl. Pakistan),Mid (2+ yrs),"$5k-$8k/mo typical",React/Node/JavaScript/TypeScript,https://lemon.io/for-developers/,,"Requires ~2 yrs commercial experience which you have (Qodeon + Cinnova). Matches you to US/EU startups."
94,Strong,Remote Software Engineer (matched roles),Turing,Talent Network,Worldwide (incl. Pakistan),Junior to Senior,Varies by role,Full stack / Python / AI,https://www.turing.com/jobs,,"Takes all levels globally. Tech screening + coding test. High volume of Next.js/Python roles."
92,Strong,Remote Developer (matched roles),Arc.dev,Talent Network,Worldwide,Junior to Senior,Varies,Next.js/NestJS/React/FastAPI,https://arc.dev/remote-jobs/nextjs,,"Free profile then apply to many vetted listings. Partnered with We Work Remotely."
90,Realistic,Freelance Full-Stack Web App Developer (AI projects),Mindrift,We Work Remotely,Anywhere in the World,Mid,Project-based,Full stack + AI/LLM,https://weworkremotely.com/remote-jobs/mindrift-freelance-full-stack-web-app-developer,,"Flexible AI-data + build work. Very attainable, good interim income while you interview. Matches your RAG/LLM background."
90,Realistic,Full-Stack Web App Developer (SaaS, Mid-Senior),FatturaElettronica APP,We Work Remotely,Anywhere in the World,Mid-Senior,Not listed,Full stack JS/Node/React,https://weworkremotely.com/remote-jobs/fatturaelettronica-app-full-stack-web-app-developer-saas-mid-senior,,"Explicitly mid-senior (not senior-only) and global. Strong direct-apply target."
89,Realistic,Full Stack Product Engineer,Dentology,We Work Remotely,Anywhere in the World,Mid,Not listed,Full stack / React / Node,https://weworkremotely.com/remote-jobs/dentology-full-stack-product-engineer,,"The non-senior of two Dentology roles. Product engineering = your MERN + Next.js fit."
93,Stretch,Senior Full-Stack Engineer (Agentic-First / AI),Wonderdog,We Work Remotely,Anywhere in the World,Senior,$100k+,Next.js + AI agents/RAG,https://weworkremotely.com/remote-jobs/wonderdog-senior-full-stack-engineer-agentic-first,,"AI-agent focus aligns tightly with your RAG/FAISS/Gemini work. Senior label - frame around your AI projects + impact."
88,Stretch,Software Engineer (generalist),Sticker Mule,We Work Remotely,Anywhere in the World,Mid-Senior,$100k+,JavaScript/full stack,https://weworkremotely.com/remote-jobs/sticker-mule-software-engineer-3,,"Famously hires globally and judges by a take-home test, not resume pedigree. Good for your portfolio-heavy profile."
87,Stretch,Senior Full Stack Engineer,Aguru UK Ltd,We Work Remotely,Anywhere in the World,Senior,$75k-$99k,Full stack JS/TS,https://weworkremotely.com/remote-jobs/aguru-uk-ltd-senior-full-stack-engineer,,"Global, mid-band salary. Apply and frame 2 yrs commercial + production apps."
86,Stretch,Senior Software Engineer,Stellar AI,We Work Remotely,Anywhere in the World,Senior,Not listed,Full stack + AI,https://weworkremotely.com/remote-jobs/stellar-ai-senior-software-engineer,,"AI company, global. Lean on your AI/ML and chatbot/RAG projects."
85,Stretch,Senior Full Stack Product Engineer,Dentology,We Work Remotely,Anywhere in the World,Senior,Not listed,Full stack / React / Node,https://weworkremotely.com/remote-jobs/dentology-senior-full-stack-product-engineer,,"Senior tier of the Dentology role above - apply to both."
84,Stretch,Senior Independent Software Developer,A.Team,We Work Remotely,Anywhere in the World,Senior,$90-$170/hr,Full stack / Node / React,https://weworkremotely.com/remote-jobs/a-team-senior-independent-software-developer-90-170-hr,,"High hourly. Network of vetted builders; senior-leaning but worth a profile."
83,Stretch,Senior Independent AI Engineer / Architect,A.Team,We Work Remotely,Anywhere in the World,Senior,Not listed,Python / AI / LLM,https://weworkremotely.com/remote-jobs/a-team-senior-independent-ai-engineer-architect,,"AI-architect track. Stretch on seniority but matches your AI pipeline experience."
85,Stretch,Senior React Full-Stack Developer,Lemon.io,We Work Remotely,30+ countries,Senior,Not listed,React / Node full stack,https://weworkremotely.com/remote-jobs/lemon-io-senior-react-full-stack-developer-4,,"Same network as the talent-pool row; this is a specific senior posting. Confirm Pakistan is in their list during signup."
82,Stretch,Senior Backend Software Developer,BitPay,RemoteOK,Remote (verify region),Senior,"$140k-$150k",Node / MongoDB backend,https://remoteok.com/remote-jobs/remote-senior-backend-software-developer-bitpay-1133985,,"Node + Mongo = your MERN backend strength. Verify they accept Pakistan before investing time."
90,Realistic,AI Training / Coding Data (freelance),DataAnnotation / Outlier,AI Data Platforms,Worldwide,Any,"$15-$40/hr",Python / coding / LLM eval,https://www.dataannotation.tech,,"Not a dev job but real remote income evaluating AI code outputs. Pays while you interview; flexible hours."
88,Realistic,Vetted Freelance Developer,Gun.io,Talent Network,Worldwide,Mid-Senior,Hourly contract,Full stack / Node / Python,https://www.gun.io,,"US-client freelance network, lighter screening than Toptal. Good secondary pipeline."
80,Stretch,Freelance Senior Developer,Toptal,Talent Network,Worldwide,Senior,High hourly,Full stack / React / Node,https://www.toptal.com/talent/apply,,"Hard screening (top 3% claim) - likely a stretch now, but worth attempting in a few months as you grow."
